<?xml version="1.0" encoding="UTF-8"?>
<enviNFe xmlns="http://www.infosistemas.com.br/"><idLote>0000003</idLote><nome>Lara Croft</nome><identidade>473309543</identidade><cpf>873.041.730-92</cpf><telefone>(18)98806-8389</telefone><email>wg.o.costa@gmail.com</email><enderecos><endXML><idPessoa>1</idPessoa><endereco>RUA CATETO</endereco><Cep>19803240</Cep><Numero></Numero><Complemento></Complemento><Bairro>VILA PRUDENCIANA</Bairro><Cidade>ASSIS</Cidade><Estado>SP</Estado><Pais>Brasil</Pais></endXML></enderecos><enderecos><endXML><idPessoa>2</idPessoa><endereco>RUA CATETO</endereco><Cep>19803240</Cep><Numero></Numero><Complemento></Complemento><Bairro>VILA PRUDENCIANA</Bairro><Cidade>ASSIS</Cidade><Estado>SP</Estado><Pais>Brasil</Pais></endXML></enderecos><NFe xmlns="http://www.infosistemas.com.br/"><infNFe Id="Pessoa3" versao="1.0"/></NFe></enviNFe>
