<?xml version="1.0" encoding="UTF-8"?>
<enviNFe xmlns="http://www.infosistemas.com.br/"><idLote>0000001</idLote><nome>Hugo Weaving</nome><identidade>4655442115</identidade><cpf>042.888.210-29</cpf><telefone>(18)98806-8389</telefone><email>wg.o.costa@gmail.com</email><enderecos><endXML><idPessoa>1</idPessoa><endereco>RUA CATETO</endereco><Cep>19803240</Cep><Numero></Numero><Complemento></Complemento><Bairro>VILA PRUDENCIANA</Bairro><Cidade>ASSIS</Cidade><Estado>SP</Estado><Pais>Brasil</Pais></endXML></enderecos><enderecos><endXML><idPessoa>2</idPessoa><endereco>RUA LEONOR</endereco><Cep>19802191</Cep><Numero></Numero><Complemento></Complemento><Bairro>VILA FABIANO</Bairro><Cidade>ASSIS</Cidade><Estado>SP</Estado><Pais>Brasil</Pais></endXML></enderecos><NFe xmlns="http://www.infosistemas.com.br/"><infNFe Id="Pessoa1" versao="1.0"/></NFe></enviNFe>
